[
	{
		"model": "hotel.pos_employee", 
		"pk": 1, 
		"fields": { 
			"emp_name":"Admin", 
			"emp_img":"images/avatar.png", 
			"emp_address":"Chennai", 
			"emp_age":"0", 
			"emp_gender":"0", 
			"emp_number":"0000000000", 
			"emp_mail":"admin@mial.com", 
			"emp_password":"123", 
			"emp_role":"1", 
			"active_status":"1" 
		}
	},

	{
		"model": "hotel.pos_inv_settings", 
		"pk": 1, 
		"fields": { 
			"settings_logo":"images/food-default.png", 
			"settings_name":"Inventory", 
			"settings_address":"Chennai", 
			"settings_pincode":"600025", 
			"landline_num":"0000 0000 000", 
			"to_report_mail":"admin@mail.com", 
			"pending_order_visibility":"30"
		}
	},

]
